#NettingSet,Date,Time,CollateralBalance,COLVA Increment,COLVA,CollateralFloor Increment,CollateralFloor
CPTY_A,#N/A,#N/A,#N/A,#N/A,-2908.9205,#N/A,-217641.3203
CPTY_A,2016-02-19,0.0383,201480.2476,-7.8353,-7.8353,-28.1224,-28.1224
CPTY_A,2016-03-04,0.0765,596379.8249,-23.1925,-31.0279,-113.5687,-141.6911
CPTY_A,2016-03-18,0.1148,712782.4044,-27.7193,-58.7472,-176.5261,-318.2172
CPTY_A,2016-04-01,0.1530,975000.9324,-37.9167,-96.6639,-255.1520,-573.3692
CPTY_A,2016-04-15,0.1913,1038370.7503,-40.3811,-137.0450,-333.7938,-907.1629
CPTY_A,2016-04-29,0.2295,1087793.7176,-42.3031,-179.3481,-423.3585,-1330.5214
CPTY_A,2016-05-13,0.2678,1001934.4611,-38.9641,-218.3122,-458.5146,-1789.0360
CPTY_A,2016-05-27,0.3060,1005321.5805,-39.0958,-257.4080,-478.7272,-2267.7632
CPTY_A,2016-06-10,0.3443,1001313.4841,-38.9400,-296.3480,-529.3269,-2797.0901
CPTY_A,2016-06-24,0.3825,1039311.5518,-40.4177,-336.7657,-581.8397,-3378.9298
CPTY_A,2016-07-08,0.4208,1003992.1568,-39.0441,-375.8098,-641.7106,-4020.6404
CPTY_A,2016-07-22,0.4590,1059396.7855,-41.1988,-417.0086,-727.3354,-4747.9757
CPTY_A,2016-08-05,0.4973,949311.6765,-36.9177,-453.9263,-741.6335,-5489.6093
CPTY_A,2016-08-19,0.5355,977345.9941,-38.0079,-491.9342,-808.7084,-6298.3177
CPTY_A,2016-09-02,0.5738,1002223.5317,-38.9754,-530.9095,-798.7791,-7097.0968
CPTY_A,2016-09-16,0.6120,1013472.3804,-39.4128,-570.3223,-798.4461,-7895.5429
CPTY_A,2016-09-30,0.6503,954402.9949,-37.1157,-607.4380,-782.4285,-8677.9714
CPTY_A,2016-10-14,0.6885,969645.2222,-37.7084,-645.1464,-854.4901,-9532.4615
CPTY_A,2016-10-28,0.7268,985360.0536,-38.3196,-683.4660,-882.3609,-10414.8224
CPTY_A,2016-11-14,0.7732,872115.0491,-41.1832,-724.6492,-1069.4466,-11484.2691
CPTY_A,2016-11-25,0.8033,871325.4561,-26.6238,-751.2730,-669.3238,-12153.5928
CPTY_A,2016-12-09,0.8415,885556.3050,-34.4383,-785.7113,-836.7738,-12990.3667
CPTY_A,2016-12-23,0.8798,846363.0102,-32.9141,-818.6255,-852.5586,-13842.9253
CPTY_A,2017-01-06,0.9181,887235.2394,-34.5036,-853.1290,-927.3649,-14770.2902
CPTY_A,2017-01-20,0.9564,882322.8666,-34.3126,-887.4416,-1001.4316,-15771.7218
CPTY_A,2017-02-03,0.9948,865131.8550,-33.6440,-921.0856,-1084.8579,-16856.5797
CPTY_A,2017-02-17,1.0331,802169.4048,-31.1955,-952.2811,-1084.2001,-17940.7798
CPTY_A,2017-03-03,1.0715,805687.0932,-31.3323,-983.6134,-1189.1327,-19129.9125
CPTY_A,2017-03-17,1.1099,792781.6670,-30.8304,-1014.4438,-1187.2421,-20317.1546
CPTY_A,2017-03-31,1.1482,973511.9858,-37.8588,-1052.3026,-1267.9346,-21585.0892
CPTY_A,2017-04-18,1.1975,999411.7582,-49.9706,-1102.2732,-1844.2429,-23429.3321
CPTY_A,2017-04-28,1.2249,998147.0614,-27.7263,-1129.9995,-1012.8385,-24442.1706
CPTY_A,2017-05-12,1.2633,883409.1120,-34.3548,-1164.3543,-1377.0736,-25819.2442
CPTY_A,2017-05-26,1.3016,936518.6582,-36.4202,-1200.7744,-1388.3804,-27207.6246
CPTY_A,2017-06-09,1.3400,894338.9267,-34.7798,-1235.5543,-1339.3909,-28547.0155
CPTY_A,2017-06-23,1.3783,923191.0546,-35.9019,-1271.4562,-1219.0071,-29766.0226
CPTY_A,2017-07-07,1.4167,901499.2277,-35.0583,-1306.5145,-1219.2516,-30985.2742
CPTY_A,2017-07-21,1.4551,893670.4864,-34.7539,-1341.2683,-1231.0276,-32216.3018
CPTY_A,2017-08-04,1.4934,865991.3207,-33.6774,-1374.9457,-1244.4852,-33460.7870
CPTY_A,2017-08-18,1.5318,753816.6653,-29.3151,-1404.2608,-1280.1948,-34740.9819
CPTY_A,2017-09-01,1.5701,800819.2935,-31.1430,-1435.4038,-1307.6267,-36048.6085
CPTY_A,2017-09-15,1.6085,816345.8103,-31.7468,-1467.1506,-1307.0450,-37355.6536
CPTY_A,2017-09-29,1.6468,747046.4747,-29.0518,-1496.2024,-1309.0656,-38664.7192
CPTY_A,2017-10-13,1.6852,749378.7050,-29.1425,-1525.3449,-1403.4911,-40068.2103
CPTY_A,2017-10-27,1.7235,744135.0132,-28.9386,-1554.2835,-1454.9486,-41523.1589
CPTY_A,2017-11-13,1.7701,617421.5100,-29.1560,-1583.4395,-1887.1678,-43410.3267
CPTY_A,2017-11-24,1.8003,615720.8771,-18.8137,-1602.2532,-1224.2470,-44634.5737
CPTY_A,2017-12-08,1.8386,627318.3669,-24.3957,-1626.6489,-1544.2794,-46178.8531
CPTY_A,2017-12-22,1.8770,660074.1227,-25.6695,-1652.3185,-1436.8721,-47615.7252
CPTY_A,2018-01-05,1.9153,596540.3402,-23.1988,-1675.5173,-1372.6899,-48988.4151
CPTY_A,2018-01-19,1.9537,574833.7724,-22.3546,-1697.8719,-1350.9268,-50339.3419
CPTY_A,2018-02-02,1.9920,529723.3393,-20.6004,-1718.4723,-1384.6709,-51724.0128
CPTY_A,2018-02-16,2.0304,463702.8477,-18.0329,-1736.5051,-1344.2321,-53068.2449
CPTY_A,2018-03-02,2.0688,527326.3449,-20.5071,-1757.0123,-1393.3505,-54461.5954
CPTY_A,2018-03-16,2.1071,547680.8411,-21.2987,-1778.3110,-1431.7934,-55893.3888
CPTY_A,2018-04-03,2.1564,777858.9729,-38.8929,-1817.2039,-1910.2686,-57803.6574
CPTY_A,2018-04-13,2.1838,776412.2662,-21.5670,-1838.7709,-1057.7850,-58861.4423
CPTY_A,2018-04-27,2.2222,808826.5371,-31.4544,-1870.2253,-1457.3344,-60318.7767
CPTY_A,2018-05-11,2.2605,708556.6960,-27.5550,-1897.7803,-1307.5196,-61626.2963
CPTY_A,2018-05-25,2.2989,683435.5117,-26.5780,-1924.3583,-1309.4349,-62935.7312
CPTY_A,2018-06-08,2.3372,686005.8061,-26.6780,-1951.0363,-1418.0022,-64353.7334
CPTY_A,2018-06-22,2.3756,647406.2453,-25.1769,-1976.2132,-1386.0727,-65739.8061
CPTY_A,2018-07-06,2.4140,662106.2428,-25.7486,-2001.9618,-1466.2210,-67206.0271
CPTY_A,2018-07-20,2.4523,662311.8593,-25.7566,-2027.7184,-1496.9058,-68702.9329
CPTY_A,2018-08-03,2.4907,620021.5577,-24.1119,-2051.8303,-1495.4785,-70198.4114
CPTY_A,2018-08-17,2.5290,537206.5730,-20.8914,-2072.7217,-1452.6191,-71651.0305
CPTY_A,2018-08-31,2.5674,556379.9224,-21.6370,-2094.3587,-1532.2961,-73183.3266
CPTY_A,2018-09-14,2.6057,566564.0455,-22.0330,-2116.3918,-1539.0195,-74722.3461
CPTY_A,2018-09-28,2.6441,476093.3535,-18.5147,-2134.9065,-1455.3252,-76177.6713
CPTY_A,2018-10-12,2.6825,448828.0907,-17.4544,-2152.3609,-1432.7578,-77610.4291
CPTY_A,2018-10-26,2.7208,438169.3412,-17.0399,-2169.4008,-1384.9972,-78995.4263
CPTY_A,2018-11-09,2.7592,374758.4010,-14.5739,-2183.9748,-1301.0465,-80296.4728
CPTY_A,2018-11-23,2.7975,356653.6123,-13.8699,-2197.8446,-1300.2067,-81596.6794
CPTY_A,2018-12-07,2.8359,360864.5209,-14.0336,-2211.8783,-1281.3210,-82878.0004
CPTY_A,2018-12-21,2.8742,325588.7092,-12.6618,-2224.5400,-1248.9114,-84126.9119
CPTY_A,2019-01-04,2.9126,354644.1547,-13.7917,-2238.3318,-1357.6048,-85484.5167
CPTY_A,2019-01-18,2.9509,371354.0240,-14.4415,-2252.7733,-1301.7079,-86786.2246
CPTY_A,2019-02-01,2.9893,377724.3787,-14.6893,-2267.4626,-1312.9823,-88099.2069
CPTY_A,2019-02-15,3.0277,268109.2225,-10.4265,-2277.8891,-1232.8167,-89332.0236
CPTY_A,2019-03-01,3.0660,247227.3346,-9.6144,-2287.5035,-1243.5840,-90575.6076
CPTY_A,2019-03-15,3.1044,263781.9280,-10.2582,-2297.7616,-1266.6810,-91842.2886
CPTY_A,2019-03-29,3.1427,477623.5395,-18.5742,-2316.3359,-1332.7582,-93175.0468
CPTY_A,2019-04-12,3.1811,403218.6179,-15.6807,-2332.0166,-1287.3764,-94462.4231
CPTY_A,2019-04-26,3.2194,415450.9707,-16.1564,-2348.1730,-1238.0226,-95700.4457
CPTY_A,2019-05-10,3.2578,417420.5184,-16.2330,-2364.4061,-1258.7705,-96959.2162
CPTY_A,2019-05-24,3.2962,391373.6071,-15.2201,-2379.6261,-1307.9178,-98267.1340
CPTY_A,2019-06-07,3.3345,431695.5559,-16.7882,-2396.4143,-1325.4005,-99592.5345
CPTY_A,2019-06-21,3.3729,421595.1060,-16.3954,-2412.8097,-1338.0448,-100930.5792
CPTY_A,2019-07-05,3.4112,420844.4476,-16.3662,-2429.1758,-1307.8432,-102238.4225
CPTY_A,2019-07-19,3.4496,445450.6080,-17.3231,-2446.4989,-1218.1029,-103456.5254
CPTY_A,2019-08-02,3.4879,454350.3102,-17.6692,-2464.1681,-1388.0655,-104844.5909
CPTY_A,2019-08-16,3.5263,390004.1504,-15.1668,-2479.3349,-1375.9286,-106220.5195
CPTY_A,2019-08-30,3.5646,372138.7714,-14.4721,-2493.8070,-1375.5048,-107596.0243
CPTY_A,2019-09-13,3.6030,374075.9358,-14.5474,-2508.3544,-1366.8760,-108962.9003
CPTY_A,2019-09-27,3.6414,267027.6231,-10.3844,-2518.7388,-1334.1227,-110297.0230
CPTY_A,2019-10-11,3.6797,338496.6296,-13.1638,-2531.9026,-1355.4449,-111652.4680
CPTY_A,2019-10-25,3.7181,299604.4978,-11.6513,-2543.5538,-1308.5858,-112961.0537
CPTY_A,2019-11-08,3.7564,179165.4212,-6.9675,-2550.5214,-1210.2506,-114171.3043
CPTY_A,2019-11-22,3.7948,172861.2776,-6.7224,-2557.2438,-1167.6935,-115338.9978
CPTY_A,2019-12-06,3.8331,127097.5138,-4.9427,-2562.1864,-1215.0720,-116554.0698
CPTY_A,2019-12-20,3.8715,157161.6343,-6.1118,-2568.2983,-1223.9355,-117778.0053
CPTY_A,2020-01-03,3.9098,203097.1056,-7.8982,-2576.1965,-1211.6273,-118989.6325
CPTY_A,2020-01-17,3.9481,223631.9823,-8.6968,-2584.8933,-1260.0363,-120249.6688
CPTY_A,2020-01-31,3.9863,257963.0386,-10.0319,-2594.9252,-1224.2140,-121473.8828
CPTY_A,2020-02-14,4.0246,195893.0917,-7.6181,-2602.5433,-1171.8275,-122645.7103
CPTY_A,2020-02-28,4.0628,164685.8976,-6.4045,-2608.9477,-1197.2313,-123842.9416
CPTY_A,2020-03-13,4.1011,177541.7664,-6.9044,-2615.8521,-1233.7840,-125076.7256
CPTY_A,2020-03-27,4.1393,332094.0195,-12.9148,-2628.7669,-1318.5204,-126395.2460
CPTY_A,2020-04-14,4.1885,326866.4426,-16.3433,-2645.1102,-1791.8172,-128187.0632
CPTY_A,2020-04-24,4.2158,325160.1993,-9.0322,-2654.1424,-980.8998,-129167.9629
CPTY_A,2020-05-11,4.2623,253080.6332,-11.9510,-2666.0935,-1635.8470,-130803.8099
CPTY_A,2020-05-22,4.2923,251249.1721,-7.6771,-2673.7705,-1051.8358,-131855.6457
CPTY_A,2020-06-05,4.3306,262922.4166,-10.2248,-2683.9953,-1343.8170,-133199.4627
CPTY_A,2020-06-19,4.3689,291397.5626,-11.3321,-2695.3274,-1311.5686,-134511.0313
CPTY_A,2020-07-06,4.4153,244099.8252,-11.5269,-2706.8544,-1495.7940,-136006.8254
CPTY_A,2020-07-17,4.4454,242349.6108,-7.4051,-2714.2595,-973.6319,-136980.4573
CPTY_A,2020-07-31,4.4836,185572.1946,-7.2167,-2721.4762,-1278.8210,-138259.2783
CPTY_A,2020-08-14,4.5219,210286.9963,-8.1778,-2729.6540,-1219.4657,-139478.7440
CPTY_A,2020-08-28,4.5601,224687.0196,-8.7378,-2738.3918,-1280.5750,-140759.3190
CPTY_A,2020-09-11,4.5984,238464.6213,-9.2736,-2747.6655,-1249.1242,-142008.4432
CPTY_A,2020-09-25,4.6366,153303.7453,-5.9618,-2753.6273,-1175.9337,-143184.3768
CPTY_A,2020-10-09,4.6749,120833.9372,-4.6991,-2758.3264,-1140.8657,-144325.2425
CPTY_A,2020-10-23,4.7131,122934.2189,-4.7808,-2763.1071,-1149.1063,-145474.3488
CPTY_A,2020-11-06,4.7514,65310.2929,-2.5398,-2765.6470,-1117.8383,-146592.1870
CPTY_A,2020-11-20,4.7896,60048.2778,-2.3352,-2767.9822,-1075.4305,-147667.6175
CPTY_A,2020-12-04,4.8279,37232.0580,-1.4479,-2769.4301,-968.5711,-148636.1886
CPTY_A,2020-12-18,4.8661,53064.7515,-2.0636,-2771.4937,-969.7130,-149605.9016
CPTY_A,2021-01-04,4.9126,71800.5131,-3.3906,-2774.8843,-1053.2271,-150659.1287
CPTY_A,2021-01-15,4.9427,70793.7073,-2.1631,-2777.0475,-694.1830,-151353.3118
CPTY_A,2021-01-29,4.9811,83643.7682,-3.2528,-2780.3003,-874.0858,-152227.3975
CPTY_A,2021-02-12,5.0194,78098.2104,-3.0372,-2783.3374,-803.8936,-153031.2911
CPTY_A,2021-02-26,5.0578,41706.5388,-1.6219,-2784.9593,-880.0640,-153911.3552
CPTY_A,2021-03-12,5.0962,49028.5795,-1.9067,-2786.8660,-939.0146,-154850.3698
CPTY_A,2021-03-26,5.1345,179173.1406,-6.9678,-2793.8339,-936.9417,-155787.3115
CPTY_A,2021-04-09,5.1729,191042.1492,-7.4294,-2801.2633,-912.9734,-156700.2849
CPTY_A,2021-04-23,5.2112,175327.6777,-6.8183,-2808.0816,-908.7303,-157609.0152
CPTY_A,2021-05-07,5.2496,156341.2433,-6.0799,-2814.1615,-833.7325,-158442.7477
CPTY_A,2021-05-21,5.2879,137339.2375,-5.3410,-2819.5025,-838.6028,-159281.3506
CPTY_A,2021-06-04,5.3263,149841.6057,-5.8272,-2825.3297,-815.7931,-160097.1436
CPTY_A,2021-06-18,5.3646,158364.5465,-6.1586,-2831.4883,-849.6942,-160946.8378
CPTY_A,2021-07-02,5.4030,211748.9846,-8.2347,-2839.7230,-874.5850,-161821.4229
CPTY_A,2021-07-16,5.4414,233492.6968,-9.0803,-2848.8032,-894.2382,-162715.6611
CPTY_A,2021-07-30,5.4797,245863.8154,-9.5614,-2858.3646,-957.7287,-163673.3898
CPTY_A,2021-08-13,5.5181,199793.9165,-7.7698,-2866.1344,-950.9075,-164624.2973
CPTY_A,2021-08-27,5.5564,164301.0661,-6.3895,-2872.5238,-976.9794,-165601.2767
CPTY_A,2021-09-10,5.5948,184157.9466,-7.1617,-2879.6855,-978.5058,-166579.7825
CPTY_A,2021-09-24,5.6331,21596.2197,-0.8399,-2880.5254,-879.0684,-167458.8509
CPTY_A,2021-10-08,5.6715,39494.1754,-1.5359,-2882.0613,-944.9978,-168403.8487
CPTY_A,2021-10-22,5.7099,31240.6666,-1.2149,-2883.2762,-938.1647,-169342.0134
CPTY_A,2021-11-05,5.7482,20298.9517,-0.7894,-2884.0656,-934.0018,-170276.0151
CPTY_A,2021-11-19,5.7866,30329.4301,-1.1795,-2885.2451,-979.4889,-171255.5040
CPTY_A,2021-12-03,5.8249,63691.7221,-2.4769,-2887.7220,-905.7819,-172161.2859
CPTY_A,2021-12-17,5.8633,62753.3351,-2.4404,-2890.1624,-875.4625,-173036.7484
CPTY_A,2022-01-04,5.9126,49603.0762,-2.4802,-2892.6425,-1025.1335,-174061.8819
CPTY_A,2022-01-14,5.9400,48824.1197,-1.3562,-2893.9988,-568.6240,-174630.5059
CPTY_A,2022-01-28,5.9783,46642.1521,-1.8139,-2895.8126,-789.7280,-175420.2339
CPTY_A,2022-02-11,6.0167,7040.6249,-0.2738,-2896.0864,-714.6726,-176134.9065
CPTY_A,2022-02-25,6.0551,-20054.6865,0.7799,-2895.3065,-706.7612,-176841.6677
CPTY_A,2022-03-11,6.0934,-17837.9050,0.6937,-2894.6128,-696.5123,-177538.1800
CPTY_A,2022-03-25,6.1318,109542.7420,-4.2600,-2898.8728,-688.7373,-178226.9173
CPTY_A,2022-04-08,6.1701,86170.0834,-3.3511,-2902.2239,-646.0409,-178872.9582
CPTY_A,2022-04-22,6.2085,60012.4424,-2.3338,-2904.5577,-650.4222,-179523.3804
CPTY_A,2022-05-06,6.2468,46253.8559,-1.7988,-2906.3565,-656.5934,-180179.9739
CPTY_A,2022-05-20,6.2852,63353.3790,-2.4637,-2908.8202,-627.2814,-180807.2553
CPTY_A,2022-06-03,6.3235,27570.3251,-1.0722,-2909.8924,-626.0922,-181433.3475
CPTY_A,2022-06-17,6.3619,22857.9779,-0.8889,-2910.7813,-630.2898,-182063.6373
CPTY_A,2022-07-01,6.4003,63866.2609,-2.4837,-2913.2650,-593.7874,-182657.4247
CPTY_A,2022-07-15,6.4386,66054.8316,-2.5688,-2915.8338,-565.1290,-183222.5537
CPTY_A,2022-07-29,6.4770,62211.5793,-2.4193,-2918.2531,-558.5060,-183781.0598
CPTY_A,2022-08-12,6.5153,60816.2284,-2.3651,-2920.6182,-544.0175,-184325.0772
CPTY_A,2022-08-26,6.5537,49194.3776,-1.9131,-2922.5313,-558.9461,-184884.0234
CPTY_A,2022-09-09,6.5920,50345.6995,-1.9579,-2924.4892,-520.8321,-185404.8555
CPTY_A,2022-09-23,6.6304,-162643.4670,6.3250,-2918.1642,-461.2644,-185866.1199
CPTY_A,2022-10-07,6.6688,-168998.4534,6.5722,-2911.5920,-476.9411,-186343.0609
CPTY_A,2022-10-21,6.7071,-164792.0264,6.4086,-2905.1834,-488.3713,-186831.4323
CPTY_A,2022-11-04,6.7455,-175013.1578,6.8061,-2898.3774,-568.9914,-187400.4236
CPTY_A,2022-11-18,6.7838,-164396.9307,6.3932,-2891.9842,-590.3826,-187990.8062
CPTY_A,2022-12-02,6.8222,-132613.2577,5.1572,-2886.8270,-587.5477,-188578.3540
CPTY_A,2022-12-16,6.8605,-155161.3250,6.0341,-2880.7929,-595.6707,-189174.0246
CPTY_A,2022-12-30,6.8989,-71541.5344,2.7822,-2878.0108,-580.2260,-189754.2506
CPTY_A,2023-01-13,6.9372,-65329.9896,2.5406,-2875.4702,-579.4008,-190333.6514
CPTY_A,2023-01-27,6.9756,-56336.9996,2.1909,-2873.2793,-576.5567,-190910.2081
CPTY_A,2023-02-10,7.0140,-52286.0719,2.0333,-2871.2459,-568.9652,-191479.1734
CPTY_A,2023-02-24,7.0523,-50051.7251,1.9465,-2869.2995,-568.1606,-192047.3340
CPTY_A,2023-03-10,7.0907,-38901.6849,1.5128,-2867.7866,-590.8366,-192638.1706
CPTY_A,2023-03-24,7.1290,28592.5120,-1.1119,-2868.8986,-586.3175,-193224.4881
CPTY_A,2023-04-11,7.1783,30413.5234,-1.5207,-2870.4192,-741.9916,-193966.4797
CPTY_A,2023-04-21,7.2057,29398.7097,-0.8166,-2871.2359,-428.0430,-194394.5227
CPTY_A,2023-05-05,7.2441,41741.7537,-1.6233,-2872.8591,-631.5612,-195026.0839
CPTY_A,2023-05-19,7.2825,18416.0265,-0.7162,-2873.5753,-609.9349,-195636.0189
CPTY_A,2023-06-02,7.3208,65128.7273,-2.5328,-2876.1081,-647.1026,-196283.1215
CPTY_A,2023-06-16,7.3592,77173.5244,-3.0012,-2879.1093,-689.4962,-196972.6177
CPTY_A,2023-06-30,7.3975,165088.9517,-6.4201,-2885.5294,-658.3348,-197630.9524
CPTY_A,2023-07-14,7.4359,199561.8620,-7.7607,-2893.2902,-657.2862,-198288.2386
CPTY_A,2023-07-28,7.4742,202315.0765,-7.8678,-2901.1580,-698.1197,-198986.3583
CPTY_A,2023-08-11,7.5126,204234.7055,-7.9425,-2909.1004,-675.8860,-199662.2444
CPTY_A,2023-08-25,7.5509,177776.3025,-6.9135,-2916.0140,-650.9335,-200313.1779
CPTY_A,2023-09-08,7.5893,154526.1273,-6.0093,-2922.0233,-682.7803,-200995.9582
CPTY_A,2023-09-22,7.6277,-3422.0619,0.1331,-2921.8902,-660.2048,-201656.1630
CPTY_A,2023-10-06,7.6660,38545.0475,-1.4990,-2923.3892,-698.4443,-202354.6073
CPTY_A,2023-10-20,7.7044,9082.7078,-0.3532,-2923.7424,-667.9570,-203022.5643
CPTY_A,2023-11-03,7.7427,-802.8086,0.0312,-2923.7112,-672.5457,-203695.1101
CPTY_A,2023-11-17,7.7811,-12696.4006,0.4937,-2923.2175,-657.0893,-204352.1993
CPTY_A,2023-12-01,7.8194,17827.3249,-0.6933,-2923.9107,-653.3997,-205005.5990
CPTY_A,2023-12-15,7.8578,35596.8881,-1.3843,-2925.2951,-643.4211,-205649.0201
CPTY_A,2023-12-29,7.8962,113197.2737,-4.4021,-2929.6972,-586.2183,-206235.2384
CPTY_A,2024-01-12,7.9344,86348.0842,-3.3580,-2933.0552,-542.2526,-206777.4910
CPTY_A,2024-01-26,7.9727,61460.0893,-2.3901,-2935.4453,-524.8169,-207302.3079
CPTY_A,2024-02-09,8.0109,21726.6497,-0.8449,-2936.2902,-457.8422,-207760.1501
CPTY_A,2024-02-23,8.0492,-995.5271,0.0387,-2936.2515,-441.3290,-208201.4791
CPTY_A,2024-03-08,8.0874,629.5498,-0.0245,-2936.2760,-428.7630,-208630.2421
CPTY_A,2024-03-22,8.1257,49894.7440,-1.9404,-2938.2163,-411.5171,-209041.7592
CPTY_A,2024-04-05,8.1639,63521.5032,-2.4703,-2940.6866,-412.7722,-209454.5314
CPTY_A,2024-04-19,8.2022,84353.4906,-3.2804,-2943.9670,-416.1329,-209870.6643
CPTY_A,2024-05-03,8.2404,87038.7349,-3.3848,-2947.3518,-431.1465,-210301.8108
CPTY_A,2024-05-17,8.2787,74571.8915,-2.9000,-2950.2519,-397.6351,-210699.4459
CPTY_A,2024-05-31,8.3169,68744.9500,-2.6734,-2952.9253,-396.7594,-211096.2052
CPTY_A,2024-06-14,8.3552,66519.2953,-2.5869,-2955.5121,-382.2358,-211478.4411
CPTY_A,2024-06-28,8.3934,108945.2425,-4.2368,-2959.7489,-344.6053,-211823.0464
CPTY_A,2024-07-12,8.4317,117620.6663,-4.5741,-2964.3230,-346.9434,-212169.9898
CPTY_A,2024-07-26,8.4699,102029.0579,-3.9678,-2968.2908,-335.6830,-212505.6728
CPTY_A,2024-08-09,8.5082,92888.7343,-3.6123,-2971.9032,-303.9701,-212809.6429
CPTY_A,2024-08-23,8.5464,86132.5329,-3.3496,-2975.2528,-285.4897,-213095.1326
CPTY_A,2024-09-06,8.5847,82268.1720,-3.1993,-2978.4521,-278.2500,-213373.3826
CPTY_A,2024-09-20,8.6230,-100959.5441,3.9262,-2974.5259,-212.9874,-213586.3700
CPTY_A,2024-10-04,8.6612,-109271.7683,4.2495,-2970.2764,-213.7191,-213800.0891
CPTY_A,2024-10-18,8.6995,-92706.7241,3.6053,-2966.6712,-226.2197,-214026.3088
CPTY_A,2024-11-01,8.7377,-94835.8751,3.6881,-2962.9831,-207.4795,-214233.7883
CPTY_A,2024-11-15,8.7760,-93370.0923,3.6311,-2959.3520,-161.2086,-214394.9969
CPTY_A,2024-11-29,8.8142,-101121.5912,3.9325,-2955.4195,-144.6639,-214539.6608
CPTY_A,2024-12-13,8.8525,-89992.3287,3.4997,-2951.9198,-163.3118,-214702.9726
CPTY_A,2024-12-27,8.8907,-49353.4799,1.9193,-2950.0005,-138.4257,-214841.3983
CPTY_A,2025-01-10,8.9290,-55033.9524,2.1402,-2947.8603,-131.7411,-214973.1394
CPTY_A,2025-01-24,8.9674,-73336.2114,2.8520,-2945.0084,-150.2058,-215123.3452
CPTY_A,2025-02-07,9.0057,-56614.7548,2.2017,-2942.8067,-143.3103,-215266.6555
CPTY_A,2025-02-21,9.0441,-44712.4468,1.7388,-2941.0679,-126.4726,-215393.1281
CPTY_A,2025-03-07,9.0825,-40810.3585,1.5871,-2939.4808,-138.4156,-215531.5438
CPTY_A,2025-03-21,9.1208,-8023.6735,0.3120,-2939.1688,-122.8827,-215654.4265
CPTY_A,2025-04-04,9.1592,-285.3105,0.0111,-2939.1577,-115.4634,-215769.8899
CPTY_A,2025-04-22,9.2085,-16847.6618,0.8424,-2938.3153,-133.3741,-215903.2640
CPTY_A,2025-05-02,9.2359,-17083.7469,0.4745,-2937.8407,-73.4815,-215976.7455
CPTY_A,2025-05-16,9.2742,-73.3594,0.0029,-2937.8379,-107.1624,-216083.9080
CPTY_A,2025-05-30,9.3126,6498.8495,-0.2527,-2938.0906,-115.7081,-216199.6161
CPTY_A,2025-06-13,9.3509,1102.7921,-0.0429,-2938.1335,-130.3090,-216329.9251
CPTY_A,2025-06-27,9.3893,81281.5399,-3.1609,-2941.2945,-106.4424,-216436.3675
CPTY_A,2025-07-11,9.4277,76771.3819,-2.9856,-2944.2800,-88.4506,-216524.8181
CPTY_A,2025-07-25,9.4660,71801.5715,-2.7923,-2947.0723,-91.2433,-216616.0614
CPTY_A,2025-08-08,9.5044,76758.5196,-2.9851,-2950.0573,-99.4476,-216715.5090
CPTY_A,2025-08-22,9.5427,66599.0306,-2.5900,-2952.6473,-109.4679,-216824.9770
CPTY_A,2025-09-05,9.5811,69247.3865,-2.6930,-2955.3403,-107.9571,-216932.9340
CPTY_A,2025-09-19,9.6194,-73593.6934,2.8620,-2952.4783,-53.2127,-216986.1467
CPTY_A,2025-10-03,9.6578,-52155.0845,2.0283,-2950.4500,-51.0190,-217037.1657
CPTY_A,2025-10-17,9.6962,-55104.5640,2.1430,-2948.3071,-51.3051,-217088.4708
CPTY_A,2025-10-31,9.7345,-61491.4836,2.3913,-2945.9157,-52.4289,-217140.8997
CPTY_A,2025-11-14,9.7729,-60954.2372,2.3704,-2943.5453,-50.7718,-217191.6716
CPTY_A,2025-11-28,9.8112,-63952.0452,2.4870,-2941.0583,-47.8637,-217239.5353
CPTY_A,2025-12-12,9.8496,-65816.6199,2.5595,-2938.4987,-51.0058,-217290.5411
CPTY_A,2025-12-29,9.8962,-36709.9539,1.7335,-2936.7652,-31.4138,-217321.9549
CPTY_A,2026-01-09,9.9263,-36769.1093,1.1235,-2935.6417,-24.4348,-217346.3897
CPTY_A,2026-01-23,9.9646,-39929.6108,1.5528,-2934.0889,-28.9959,-217375.3856
CPTY_A,2026-02-06,10.0030,-43118.2115,1.6768,-2932.4121,-30.0765,-217405.4621
CPTY_A,2026-02-20,10.0414,-44730.7222,1.7395,-2930.6725,-35.7846,-217441.2467
CPTY_A,2026-03-06,10.0797,-51273.7637,1.9940,-2928.6786,-44.9543,-217486.2009
CPTY_A,2026-03-20,10.1181,-34671.3898,1.3483,-2927.3302,-31.2997,-217517.5006
CPTY_A,2026-04-07,10.1674,-22180.7621,1.1090,-2926.2212,-42.1057,-217559.6064
CPTY_A,2026-04-17,10.1948,-22239.0650,0.6178,-2925.6034,-23.2640,-217582.8704
CPTY_A,2026-05-05,10.2441,-24173.3274,1.2087,-2924.3948,-38.0187,-217620.8891
CPTY_A,2026-05-15,10.2715,-23733.0942,0.6593,-2923.7355,-21.4824,-217642.3715
CPTY_A,2026-05-29,10.3099,-19981.7154,0.7771,-2922.9585,-34.9099,-217677.2814
CPTY_A,2026-06-12,10.3482,-18991.4872,0.7386,-2922.2199,-33.1550,-217710.4364
CPTY_A,2026-06-26,10.3866,17703.2896,-0.6885,-2922.9084,-14.6008,-217725.0372
CPTY_A,2026-07-10,10.4249,16605.1438,-0.6458,-2923.5541,-9.1949,-217734.2321
CPTY_A,2026-07-24,10.4633,16941.4872,-0.6588,-2924.2130,-12.8377,-217747.0699
CPTY_A,2026-08-07,10.5016,22556.5745,-0.8772,-2925.0902,-16.3363,-217763.4062
CPTY_A,2026-08-21,10.5400,26754.4977,-1.0405,-2926.1306,-12.8933,-217776.2994
CPTY_A,2026-09-04,10.5783,27894.5657,-1.0848,-2927.2154,-10.6690,-217786.9684
CPTY_A,2026-09-18,10.6167,25604.7836,-0.9957,-2928.2111,-6.6402,-217793.6086
CPTY_A,2026-10-02,10.6551,-38232.4560,1.4868,-2926.7243,11.7481,-217781.8605
CPTY_A,2026-10-16,10.6934,-38801.4487,1.5089,-2925.2154,12.5781,-217769.2824
CPTY_A,2026-10-30,10.7318,-40112.7039,1.5599,-2923.6554,13.8262,-217755.4562
CPTY_A,2026-11-13,10.7701,-40562.9462,1.5774,-2922.0780,12.9952,-217742.4610
CPTY_A,2026-11-27,10.8085,-39436.2074,1.5336,-2920.5444,14.3041,-217728.1569
CPTY_A,2026-12-11,10.8468,-40862.6882,1.5891,-2918.9552,13.7392,-217714.4177
CPTY_A,2026-12-29,10.8962,-42743.1261,2.1372,-2916.8181,18.0357,-217696.3820
CPTY_A,2027-01-08,10.9235,-42750.0100,1.1875,-2915.6306,9.6939,-217686.6881
CPTY_A,2027-01-22,10.9619,-42759.9605,1.6629,-2913.9677,12.1200,-217674.5681
CPTY_A,2027-02-05,11.0003,-43527.1505,1.6927,-2912.2750,11.3071,-217663.2610
CPTY_A,2027-02-19,11.0386,-43019.7793,1.6730,-2910.6020,11.3152,-217651.9458
CPTY_A,2027-03-05,11.0770,-43237.7364,1.6815,-2908.9205,10.6255,-217641.3203
CPTY_A,2027-03-19,11.1153,0.0000,0.0000,-2908.9205,0.0000,-217641.3203
